ID,2JobTitle,Investment  AdvisorEmailAddress,Clint_Thorpe5003@bulaffy.comFirstNameLastName,Clint ThorpeCreditCard,7083-8766-0251-2345CreditCardType,American Express
ID,12JobTitle,Retail TraineeEmailAddress,Phillip_Carpenter9505@famism.bizFirstNameLastName,Phillip CarpenterCreditCard,3657-0088-0820-5247CreditCardType,American Express
ID,28JobTitle,Project ManagerEmailAddress,Russel_Graves1378@extex.orgFirstNameLastName,Russel GravesCreditCard,6718-4818-8011-6024CreditCardType,American Express
ID,39JobTitle,StockbrokerEmailAddress,Leanne_Newton1268@typill.bizFirstNameLastName,Leanne NewtonCreditCard,5438-0816-4166-4847CreditCardType,American Express
ID,57JobTitle,Budget AnalystEmailAddress,Tony_Giles1960@iatim.techFirstNameLastName,Tony GilesCreditCard,8130-3425-7573-7745CreditCardType,American Express
ID,62JobTitle,CNC OperatorEmailAddress,Owen_Allcott5125@bauros.bizFirstNameLastName,Owen AllcottCreditCard,4156-0107-7210-2630CreditCardType,American Express
ID,68JobTitle,Project ManagerEmailAddress,Liam_Lynn3280@kideod.bizFirstNameLastName,Liam LynnCreditCard,7152-3247-6053-2233CreditCardType,American Express
ID,74JobTitle,DentistEmailAddress,Regina_Woodcock5820@yahoo.comFirstNameLastName,Regina WoodcockCreditCard,0208-1753-3870-8002CreditCardType,American Express
ID,81JobTitle,HR SpecialistEmailAddress,Carter_Wallace9614@atink.comFirstNameLastName,Carter WallaceCreditCard,4256-7201-6717-4322CreditCardType,American Express
ID,92JobTitle,Staffing ConsultantEmailAddress,Maia_Stark2797@jiman.orgFirstNameLastName,Maia StarkCreditCard,3851-1403-1734-6321CreditCardType,American Express
ID,97JobTitle,StockbrokerEmailAddress,Ciara_Lomax982@bauros.bizFirstNameLastName,Ciara LomaxCreditCard,3702-3440-2472-5424CreditCardType,American Express
ID,116JobTitle,Staffing ConsultantEmailAddress,Isabel_Ellwood1475@fuliss.netFirstNameLastName,Isabel EllwoodCreditCard,3738-0882-0066-6683CreditCardType,American Express
ID,148JobTitle,CNC OperatorEmailAddress,Abdul_Townend2202@infotech44.techFirstNameLastName,Abdul TownendCreditCard,4224-1226-3557-3448CreditCardType,American Express
ID,150JobTitle,FabricatorEmailAddress,Caleb_Poulton1735@atink.comFirstNameLastName,Caleb PoultonCreditCard,8203-6875-5225-0341CreditCardType,American Express
ID,151JobTitle,Restaurant ManagerEmailAddress,Ronald_Lewis6777@deavo.comFirstNameLastName,Ronald LewisCreditCard,7212-0155-5014-8471CreditCardType,American Express
ID,154JobTitle,BellmanEmailAddress,Faith_Seymour3829@twace.orgFirstNameLastName,Faith SeymourCreditCard,4170-5186-6887-6558CreditCardType,American Express
ID,169JobTitle,Assistant BuyerEmailAddress,Anthony_Hancock9083@qater.orgFirstNameLastName,Anthony HancockCreditCard,0832-3357-6010-6550CreditCardType,American Express
ID,176JobTitle,Healthcare SpecialistEmailAddress,Isabella_Willson5478@nanoff.bizFirstNameLastName,Isabella WillsonCreditCard,5177-4868-4623-0384CreditCardType,American Express
ID,182JobTitle,PharmacistEmailAddress,Stephanie_Darcy3298@bauros.bizFirstNameLastName,Stephanie DarcyCreditCard,0264-4020-5106-5576CreditCardType,American Express
ID,199JobTitle,Investment  AdvisorEmailAddress,Ryan_Kennedy5565@corti.comFirstNameLastName,Ryan KennedyCreditCard,3166-6287-6242-7207CreditCardType,American Express
